Query ID,Node Types,Filters,Execution Time,Cardinality e/a
1,"Aggregate, Aggregate, Gather Merge, Hash, Hash Join, Seq Scan, Seq Scan, Sort","(l_commitdate,l_receiptdate), (l_receiptdate,1994-01-01 00:00:00), (l_receiptdate,= ), (l_shipdate,l_commitdate), (l_shipmode,ANY ()",21989.676,"(7,2), (14,6), (7,2), (120642,104149), (120642,104149), (120642,104149), (6249513,5000000), (6249513,5000000)"
2,"Aggregate, Aggregate, Gather Merge, Hash, Hash Join, Seq Scan, Seq Scan, Sort","(l_commitdate,l_receiptdate), (l_receiptdate,1995-01-01 00:00:00), (l_receiptdate,= ), (l_shipdate,l_commitdate), (l_shipmode,ANY ()",23949.664,"(7,2), (14,6), (7,2), (119278,103838), (119278,103838), (119278,103838), (6249513,5000000), (6249513,5000000)"
3,"Aggregate, Aggregate, Gather Merge, Hash, Hash Join, Seq Scan, Seq Scan, Sort","(l_commitdate,l_receiptdate), (l_receiptdate,1996-01-01 00:00:00), (l_receiptdate,= ), (l_shipdate,l_commitdate), (l_shipmode,ANY ()",24222.901,"(7,2), (14,6), (7,2), (122550,104214), (122550,104214), (122550,104214), (6249513,5000000), (6249513,5000000)"
4,"Aggregate, Aggregate, Gather Merge, Hash, Hash Join, Seq Scan, Seq Scan, Sort","(l_commitdate,l_receiptdate), (l_receiptdate,1997-01-01 00:00:00), (l_receiptdate,= ), (l_shipdate,l_commitdate), (l_shipmode,ANY ()",24265.649,"(7,2), (14,6), (7,2), (122295,104528), (122295,104528), (122295,104528), (6249513,5000000), (6249513,5000000)"
5,"Aggregate, Aggregate, Gather Merge, Hash, Hash Join, Seq Scan, Seq Scan, Sort","(l_commitdate,l_receiptdate), (l_receiptdate,1998-01-01 00:00:00), (l_receiptdate,= ), (l_shipdate,l_commitdate), (l_shipmode,ANY ()",26452.299,"(7,2), (14,6), (7,2), (120521,103577), (120521,103577), (120521,103577), (6249513,5000000), (6249513,5000000)"
6,"Aggregate, Aggregate, Gather Merge, Hash, Hash Join, Seq Scan, Seq Scan, Sort","(l_commitdate,l_receiptdate), (l_receiptdate,1994-01-01 00:00:00), (l_receiptdate,= ), (l_shipdate,l_commitdate), (l_shipmode,ANY ()",23767.993,"(7,2), (14,6), (7,2), (121162,104159), (121162,104159), (121162,104159), (6249513,5000000), (6249513,5000000)"
7,"Aggregate, Aggregate, Gather Merge, Hash, Hash Join, Seq Scan, Seq Scan, Sort","(l_commitdate,l_receiptdate), (l_receiptdate,1995-01-01 00:00:00), (l_receiptdate,= ), (l_shipdate,l_commitdate), (l_shipmode,ANY ()",23745.405,"(7,2), (14,6), (7,2), (119792,103811), (119792,103811), (119792,103811), (6249513,5000000), (6249513,5000000)"
8,"Aggregate, Aggregate, Gather Merge, Hash, Hash Join, Seq Scan, Seq Scan, Sort","(l_commitdate,l_receiptdate), (l_receiptdate,1996-01-01 00:00:00), (l_receiptdate,= ), (l_shipdate,l_commitdate), (l_shipmode,ANY ()",23841.719,"(7,2), (14,6), (7,2), (123078,104049), (123078,104049), (123078,104049), (6249513,5000000), (6249513,5000000)"
9,"Aggregate, Aggregate, Gather Merge, Hash, Hash Join, Seq Scan, Seq Scan, Sort","(l_commitdate,l_receiptdate), (l_receiptdate,1997-01-01 00:00:00), (l_receiptdate,= ), (l_shipdate,l_commitdate), (l_shipmode,ANY ()",24228.587,"(7,2), (14,6), (7,2), (122822,104476), (122822,104476), (122822,104476), (6249513,5000000), (6249513,5000000)"
10,"Aggregate, Aggregate, Gather Merge, Hash, Hash Join, Seq Scan, Seq Scan, Sort","(l_commitdate,l_receiptdate), (l_receiptdate,1998-01-01 00:00:00), (l_receiptdate,= ), (l_shipdate,l_commitdate), (l_shipmode,ANY ()",23785.616,"(7,2), (14,6), (7,2), (121040,103747), (121040,103747), (121040,103747), (6249513,5000000), (6249513,5000000)"
11,"Aggregate, Aggregate, Gather Merge, Hash, Hash Join, Seq Scan, Seq Scan, Sort","(l_commitdate,l_receiptdate), (l_receiptdate,1994-01-01 00:00:00), (l_receiptdate,= ), (l_shipdate,l_commitdate), (l_shipmode,ANY ()",24707.387,"(7,2), (14,6), (7,2), (121612,104267), (121612,104267), (121612,104267), (6249513,5000000), (6249513,5000000)"
12,"Aggregate, Aggregate, Gather Merge, Hash, Hash Join, Seq Scan, Seq Scan, Sort","(l_commitdate,l_receiptdate), (l_receiptdate,1995-01-01 00:00:00), (l_receiptdate,= ), (l_shipdate,l_commitdate), (l_shipmode,ANY ()",23949.737,"(7,2), (14,6), (7,2), (120237,103753), (120237,103753), (120237,103753), (6249513,5000000), (6249513,5000000)"
13,"Aggregate, Aggregate, Gather Merge, Hash, Hash Join, Seq Scan, Seq Scan, Sort","(l_commitdate,l_receiptdate), (l_receiptdate,1996-01-01 00:00:00), (l_receiptdate,= ), (l_shipdate,l_commitdate), (l_shipmode,ANY ()",24228.15,"(7,2), (14,6), (7,2), (123535,103960), (123535,103960), (123535,103960), (6249513,5000000), (6249513,5000000)"
14,"Aggregate, Aggregate, Gather Merge, Hash, Hash Join, Seq Scan, Seq Scan, Sort","(l_commitdate,l_receiptdate), (l_receiptdate,1997-01-01 00:00:00), (l_receiptdate,= ), (l_shipdate,l_commitdate), (l_shipmode,ANY ()",23986.253,"(7,2), (14,6), (7,2), (123278,104428), (123278,104428), (123278,104428), (6249513,5000000), (6249513,5000000)"
15,"Aggregate, Aggregate, Gather Merge, Hash, Hash Join, Seq Scan, Seq Scan, Sort","(l_commitdate,l_receiptdate), (l_receiptdate,1998-01-01 00:00:00), (l_receiptdate,= ), (l_shipdate,l_commitdate), (l_shipmode,ANY ()",23991.84,"(7,2), (14,6), (7,2), (121490,103696), (121490,103696), (121490,103696), (6249513,5000000), (6249513,5000000)"
16,"Aggregate, Aggregate, Gather Merge, Hash, Hash Join, Seq Scan, Seq Scan, Sort","(l_commitdate,l_receiptdate), (l_receiptdate,1994-01-01 00:00:00), (l_receiptdate,= ), (l_shipdate,l_commitdate), (l_shipmode,ANY ()",24608.003,"(7,2), (14,6), (7,2), (119362,104092), (119362,104092), (119362,104092), (6249513,5000000), (6249513,5000000)"
17,"Aggregate, Aggregate, Gather Merge, Hash, Hash Join, Seq Scan, Seq Scan, Sort","(l_commitdate,l_receiptdate), (l_receiptdate,1995-01-01 00:00:00), (l_receiptdate,= ), (l_shipdate,l_commitdate), (l_shipmode,ANY ()",24286.589,"(7,2), (14,6), (7,2), (118012,103675), (118012,103675), (118012,103675), (6249513,5000000), (6249513,5000000)"
18,"Aggregate, Aggregate, Gather Merge, Hash, Hash Join, Seq Scan, Seq Scan, Sort","(l_commitdate,l_receiptdate), (l_receiptdate,1996-01-01 00:00:00), (l_receiptdate,= ), (l_shipdate,l_commitdate), (l_shipmode,ANY ()",24052.339,"(7,2), (14,6), (7,2), (121250,104159), (121250,104159), (121250,104159), (6249513,5000000), (6249513,5000000)"
19,"Aggregate, Aggregate, Gather Merge, Hash, Hash Join, Seq Scan, Seq Scan, Sort","(l_commitdate,l_receiptdate), (l_receiptdate,1997-01-01 00:00:00), (l_receiptdate,= ), (l_shipdate,l_commitdate), (l_shipmode,ANY ()",23720.509,"(7,2), (14,6), (7,2), (120998,104466), (120998,104466), (120998,104466), (6249513,5000000), (6249513,5000000)"
20,"Aggregate, Aggregate, Gather Merge, Hash, Hash Join, Seq Scan, Seq Scan, Sort","(l_commitdate,l_receiptdate), (l_receiptdate,1998-01-01 00:00:00), (l_receiptdate,= ), (l_shipdate,l_commitdate), (l_shipmode,ANY ()",24512.481,"(7,2), (14,6), (7,2), (119242,103655), (119242,103655), (119242,103655), (6249513,5000000), (6249513,5000000)"
21,"Aggregate, Aggregate, Gather Merge, Hash, Hash Join, Seq Scan, Seq Scan, Sort","(l_commitdate,l_receiptdate), (l_receiptdate,1994-01-01 00:00:00), (l_receiptdate,= ), (l_shipdate,l_commitdate), (l_shipmode,ANY ()",23795.572,"(7,2), (14,6), (7,2), (120389,104113), (120389,104113), (120389,104113), (6249513,5000000), (6249513,5000000)"
22,"Aggregate, Aggregate, Gather Merge, Hash, Hash Join, Seq Scan, Seq Scan, Sort","(l_commitdate,l_receiptdate), (l_receiptdate,1995-01-01 00:00:00), (l_receiptdate,= ), (l_shipdate,l_commitdate), (l_shipmode,ANY ()",25071.695,"(7,2), (14,6), (7,2), (119028,103562), (119028,103562), (119028,103562), (6249513,5000000), (6249513,5000000)"
23,"Aggregate, Aggregate, Gather Merge, Hash, Hash Join, Seq Scan, Seq Scan, Sort","(l_commitdate,l_receiptdate), (l_receiptdate,1996-01-01 00:00:00), (l_receiptdate,= ), (l_shipdate,l_commitdate), (l_shipmode,ANY ()",24847.023,"(7,2), (14,6), (7,2), (122292,104101), (122292,104101), (122292,104101), (6249513,5000000), (6249513,5000000)"
24,"Aggregate, Aggregate, Gather Merge, Hash, Hash Join, Seq Scan, Seq Scan, Sort","(l_commitdate,l_receiptdate), (l_receiptdate,1997-01-01 00:00:00), (l_receiptdate,= ), (l_shipdate,l_commitdate), (l_shipmode,ANY ()",24833.134,"(7,2), (14,6), (7,2), (122038,104467), (122038,104467), (122038,104467), (6249513,5000000), (6249513,5000000)"
25,"Aggregate, Aggregate, Gather Merge, Hash, Hash Join, Seq Scan, Seq Scan, Sort","(l_commitdate,l_receiptdate), (l_receiptdate,1998-01-01 00:00:00), (l_receiptdate,= ), (l_shipdate,l_commitdate), (l_shipmode,ANY ()",24201.951,"(7,2), (14,6), (7,2), (120268,103557), (120268,103557), (120268,103557), (6249513,5000000), (6249513,5000000)"
26,"Aggregate, Aggregate, Gather Merge, Hash, Hash Join, Seq Scan, Seq Scan, Sort","(l_commitdate,l_receiptdate), (l_receiptdate,1994-01-01 00:00:00), (l_receiptdate,= ), (l_shipdate,l_commitdate), (l_shipmode,ANY ()",25154.545,"(7,2), (14,6), (7,2), (120544,104126), (120544,104126), (120544,104126), (6249513,5000000), (6249513,5000000)"
27,"Aggregate, Aggregate, Gather Merge, Hash, Hash Join, Seq Scan, Seq Scan, Sort","(l_commitdate,l_receiptdate), (l_receiptdate,1995-01-01 00:00:00), (l_receiptdate,= ), (l_shipdate,l_commitdate), (l_shipmode,ANY ()",27177.952,"(7,2), (14,6), (7,2), (119180,103761), (119180,103761), (119180,103761), (6249513,5000000), (6249513,5000000)"
28,"Aggregate, Aggregate, Gather Merge, Hash, Hash Join, Seq Scan, Seq Scan, Sort","(l_commitdate,l_receiptdate), (l_receiptdate,1996-01-01 00:00:00), (l_receiptdate,= ), (l_shipdate,l_commitdate), (l_shipmode,ANY ()",25778.419,"(7,2), (14,6), (7,2), (122450,104198), (122450,104198), (122450,104198), (6249513,5000000), (6249513,5000000)"
29,"Aggregate, Aggregate, Gather Merge, Hash, Hash Join, Seq Scan, Seq Scan, Sort","(l_commitdate,l_receiptdate), (l_receiptdate,1997-01-01 00:00:00), (l_receiptdate,= ), (l_shipdate,l_commitdate), (l_shipmode,ANY ()",24523.693,"(7,2), (14,6), (7,2), (122195,104408), (122195,104408), (122195,104408), (6249513,5000000), (6249513,5000000)"
30,"Aggregate, Aggregate, Gather Merge, Hash, Hash Join, Seq Scan, Seq Scan, Sort","(l_commitdate,l_receiptdate), (l_receiptdate,1998-01-01 00:00:00), (l_receiptdate,= ), (l_shipdate,l_commitdate), (l_shipmode,ANY ()",23936.064,"(7,2), (14,6), (7,2), (120422,103498), (120422,103498), (120422,103498), (6249513,5000000), (6249513,5000000)"
31,"Aggregate, Aggregate, Gather Merge, Hash, Hash Join, Seq Scan, Seq Scan, Sort","(l_commitdate,l_receiptdate), (l_receiptdate,1994-01-01 00:00:00), (l_receiptdate,= ), (l_shipdate,l_commitdate), (l_shipmode,ANY ()",24107.577,"(7,2), (14,6), (7,2), (120642,104149), (120642,104149), (120642,104149), (6249513,5000000), (6249513,5000000)"
32,"Aggregate, Aggregate, Gather Merge, Hash, Hash Join, Seq Scan, Seq Scan, Sort","(l_commitdate,l_receiptdate), (l_receiptdate,1995-01-01 00:00:00), (l_receiptdate,= ), (l_shipdate,l_commitdate), (l_shipmode,ANY ()",25468.53,"(7,2), (14,6), (7,2), (119278,103838), (119278,103838), (119278,103838), (6249513,5000000), (6249513,5000000)"
33,"Aggregate, Aggregate, Gather Merge, Hash, Hash Join, Seq Scan, Seq Scan, Sort","(l_commitdate,l_receiptdate), (l_receiptdate,1996-01-01 00:00:00), (l_receiptdate,= ), (l_shipdate,l_commitdate), (l_shipmode,ANY ()",24465.775,"(7,2), (14,6), (7,2), (122550,104214), (122550,104214), (122550,104214), (6249513,5000000), (6249513,5000000)"
34,"Aggregate, Aggregate, Gather Merge, Hash, Hash Join, Seq Scan, Seq Scan, Sort","(l_commitdate,l_receiptdate), (l_receiptdate,1997-01-01 00:00:00), (l_receiptdate,= ), (l_shipdate,l_commitdate), (l_shipmode,ANY ()",23708.026,"(7,2), (14,6), (7,2), (122295,104528), (122295,104528), (122295,104528), (6249513,5000000), (6249513,5000000)"
35,"Aggregate, Aggregate, Gather Merge, Hash, Hash Join, Seq Scan, Seq Scan, Sort","(l_commitdate,l_receiptdate), (l_receiptdate,1998-01-01 00:00:00), (l_receiptdate,= ), (l_shipdate,l_commitdate), (l_shipmode,ANY ()",25309.914,"(7,2), (14,6), (7,2), (120521,103577), (120521,103577), (120521,103577), (6249513,5000000), (6249513,5000000)"
36,"Aggregate, Aggregate, Gather Merge, Hash, Hash Join, Seq Scan, Seq Scan, Sort","(l_commitdate,l_receiptdate), (l_receiptdate,1994-01-01 00:00:00), (l_receiptdate,= ), (l_shipdate,l_commitdate), (l_shipmode,ANY ()",23771.498,"(7,2), (14,6), (7,2), (121050,104206), (121050,104206), (121050,104206), (6249513,5000000), (6249513,5000000)"
37,"Aggregate, Aggregate, Gather Merge, Hash, Hash Join, Seq Scan, Seq Scan, Sort","(l_commitdate,l_receiptdate), (l_receiptdate,1995-01-01 00:00:00), (l_receiptdate,= ), (l_shipdate,l_commitdate), (l_shipmode,ANY ()",24274.356,"(7,2), (14,6), (7,2), (119681,103935), (119681,103935), (119681,103935), (6249513,5000000), (6249513,5000000)"
38,"Aggregate, Aggregate, Gather Merge, Hash, Hash Join, Seq Scan, Seq Scan, Sort","(l_commitdate,l_receiptdate), (l_receiptdate,1996-01-01 00:00:00), (l_receiptdate,= ), (l_shipdate,l_commitdate), (l_shipmode,ANY ()",23879.189,"(7,2), (14,6), (7,2), (122964,103932), (122964,103932), (122964,103932), (6249513,5000000), (6249513,5000000)"
39,"Aggregate, Aggregate, Gather Merge, Hash, Hash Join, Seq Scan, Seq Scan, Sort","(l_commitdate,l_receiptdate), (l_receiptdate,1997-01-01 00:00:00), (l_receiptdate,= ), (l_shipdate,l_commitdate), (l_shipmode,ANY ()",24271.127,"(7,2), (14,6), (7,2), (122708,104208), (122708,104208), (122708,104208), (6249513,5000000), (6249513,5000000)"
40,"Aggregate, Aggregate, Gather Merge, Hash, Hash Join, Seq Scan, Seq Scan, Sort","(l_commitdate,l_receiptdate), (l_receiptdate,1998-01-01 00:00:00), (l_receiptdate,= ), (l_shipdate,l_commitdate), (l_shipmode,ANY ()",23774.493,"(7,2), (14,6), (7,2), (120928,103828), (120928,103828), (120928,103828), (6249513,5000000), (6249513,5000000)"
41,"Aggregate, Aggregate, Gather Merge, Hash, Hash Join, Seq Scan, Seq Scan, Sort","(l_commitdate,l_receiptdate), (l_receiptdate,1994-01-01 00:00:00), (l_receiptdate,= ), (l_shipdate,l_commitdate), (l_shipmode,ANY ()",23990.331,"(7,2), (14,6), (7,2), (121500,104313), (121500,104313), (121500,104313), (6249513,5000000), (6249513,5000000)"
42,"Aggregate, Aggregate, Gather Merge, Hash, Hash Join, Seq Scan, Seq Scan, Sort","(l_commitdate,l_receiptdate), (l_receiptdate,1995-01-01 00:00:00), (l_receiptdate,= ), (l_shipdate,l_commitdate), (l_shipmode,ANY ()",24000.07,"(7,2), (14,6), (7,2), (120126,103876), (120126,103876), (120126,103876), (6249513,5000000), (6249513,5000000)"
43,"Aggregate, Aggregate, Gather Merge, Hash, Hash Join, Seq Scan, Seq Scan, Sort","(l_commitdate,l_receiptdate), (l_receiptdate,1996-01-01 00:00:00), (l_receiptdate,= ), (l_shipdate,l_commitdate), (l_shipmode,ANY ()",23883.914,"(7,2), (14,6), (7,2), (123421,103844), (123421,103844), (123421,103844), (6249513,5000000), (6249513,5000000)"
44,"Aggregate, Aggregate, Gather Merge, Hash, Hash Join, Seq Scan, Seq Scan, Sort","(l_commitdate,l_receiptdate), (l_receiptdate,1997-01-01 00:00:00), (l_receiptdate,= ), (l_shipdate,l_commitdate), (l_shipmode,ANY ()",23799.069,"(7,2), (14,6), (7,2), (123164,104160), (123164,104160), (123164,104160), (6249513,5000000), (6249513,5000000)"
45,"Aggregate, Aggregate, Gather Merge, Hash, Hash Join, Seq Scan, Seq Scan, Sort","(l_commitdate,l_receiptdate), (l_receiptdate,1998-01-01 00:00:00), (l_receiptdate,= ), (l_shipdate,l_commitdate), (l_shipmode,ANY ()",24441.176,"(7,2), (14,6), (7,2), (121378,103777), (121378,103777), (121378,103777), (6249513,5000000), (6249513,5000000)"
46,"Aggregate, Aggregate, Gather Merge, Hash, Hash Join, Seq Scan, Seq Scan, Sort","(l_commitdate,l_receiptdate), (l_receiptdate,1994-01-01 00:00:00), (l_receiptdate,= ), (l_shipdate,l_commitdate), (l_shipmode,ANY ()",23873.27,"(7,2), (14,6), (7,2), (119250,104139), (119250,104139), (119250,104139), (6249513,5000000), (6249513,5000000)"
47,"Aggregate, Aggregate, Gather Merge, Hash, Hash Join, Seq Scan, Seq Scan, Sort","(l_commitdate,l_receiptdate), (l_receiptdate,1995-01-01 00:00:00), (l_receiptdate,= ), (l_shipdate,l_commitdate), (l_shipmode,ANY ()",24145.214,"(7,2), (14,6), (7,2), (117902,103799), (117902,103799), (117902,103799), (6249513,5000000), (6249513,5000000)"
48,"Aggregate, Aggregate, Gather Merge, Hash, Hash Join, Seq Scan, Seq Scan, Sort","(l_commitdate,l_receiptdate), (l_receiptdate,1996-01-01 00:00:00), (l_receiptdate,= ), (l_shipdate,l_commitdate), (l_shipmode,ANY ()",24085.795,"(7,2), (14,6), (7,2), (121136,104042), (121136,104042), (121136,104042), (6249513,5000000), (6249513,5000000)"
49,"Aggregate, Aggregate, Gather Merge, Hash, Hash Join, Seq Scan, Seq Scan, Sort","(l_commitdate,l_receiptdate), (l_receiptdate,1997-01-01 00:00:00), (l_receiptdate,= ), (l_shipdate,l_commitdate), (l_shipmode,ANY ()",23846.38,"(7,2), (14,6), (7,2), (120883,104198), (120883,104198), (120883,104198), (6249513,5000000), (6249513,5000000)"
50,"Aggregate, Aggregate, Gather Merge, Hash, Hash Join, Seq Scan, Seq Scan, Sort","(l_commitdate,l_receiptdate), (l_receiptdate,1998-01-01 00:00:00), (l_receiptdate,= ), (l_shipdate,l_commitdate), (l_shipmode,ANY ()",23969.169,"(7,2), (14,6), (7,2), (119130,103736), (119130,103736), (119130,103736), (6249513,5000000), (6249513,5000000)"
51,"Aggregate, Aggregate, Gather Merge, Hash, Hash Join, Seq Scan, Seq Scan, Sort","(l_commitdate,l_receiptdate), (l_receiptdate,1994-01-01 00:00:00), (l_receiptdate,= ), (l_shipdate,l_commitdate), (l_shipmode,ANY ()",23840.569,"(7,2), (14,6), (7,2), (120277,104159), (120277,104159), (120277,104159), (6249513,5000000), (6249513,5000000)"
52,"Aggregate, Aggregate, Gather Merge, Hash, Hash Join, Seq Scan, Seq Scan, Sort","(l_commitdate,l_receiptdate), (l_receiptdate,1995-01-01 00:00:00), (l_receiptdate,= ), (l_shipdate,l_commitdate), (l_shipmode,ANY ()",24272.022,"(7,2), (14,6), (7,2), (118916,103686), (118916,103686), (118916,103686), (6249513,5000000), (6249513,5000000)"
53,"Aggregate, Aggregate, Gather Merge, Hash, Hash Join, Seq Scan, Seq Scan, Sort","(l_commitdate,l_receiptdate), (l_receiptdate,1996-01-01 00:00:00), (l_receiptdate,= ), (l_shipdate,l_commitdate), (l_shipmode,ANY ()",23987.095,"(7,2), (14,6), (7,2), (122178,103984), (122178,103984), (122178,103984), (6249513,5000000), (6249513,5000000)"
54,"Aggregate, Aggregate, Gather Merge, Hash, Hash Join, Seq Scan, Seq Scan, Sort","(l_commitdate,l_receiptdate), (l_receiptdate,1997-01-01 00:00:00), (l_receiptdate,= ), (l_shipdate,l_commitdate), (l_shipmode,ANY ()",23893.246,"(7,2), (14,6), (7,2), (121924,104198), (121924,104198), (121924,104198), (6249513,5000000), (6249513,5000000)"
55,"Aggregate, Aggregate, Gather Merge, Hash, Hash Join, Seq Scan, Seq Scan, Sort","(l_commitdate,l_receiptdate), (l_receiptdate,1998-01-01 00:00:00), (l_receiptdate,= ), (l_shipdate,l_commitdate), (l_shipmode,ANY ()",23468.37,"(7,2), (14,6), (7,2), (120156,103638), (120156,103638), (120156,103638), (6249513,5000000), (6249513,5000000)"
56,"Aggregate, Aggregate, Gather Merge, Hash, Hash Join, Seq Scan, Seq Scan, Sort","(l_commitdate,l_receiptdate), (l_receiptdate,1994-01-01 00:00:00), (l_receiptdate,= ), (l_shipdate,l_commitdate), (l_shipmode,ANY ()",23823.216,"(7,2), (14,6), (7,2), (120431,104172), (120431,104172), (120431,104172), (6249513,5000000), (6249513,5000000)"
57,"Aggregate, Aggregate, Gather Merge, Hash, Hash Join, Seq Scan, Seq Scan, Sort","(l_commitdate,l_receiptdate), (l_receiptdate,1995-01-01 00:00:00), (l_receiptdate,= ), (l_shipdate,l_commitdate), (l_shipmode,ANY ()",23810.529,"(7,2), (14,6), (7,2), (119069,103885), (119069,103885), (119069,103885), (6249513,5000000), (6249513,5000000)"
58,"Aggregate, Aggregate, Gather Merge, Hash, Hash Join, Seq Scan, Seq Scan, Sort","(l_commitdate,l_receiptdate), (l_receiptdate,1996-01-01 00:00:00), (l_receiptdate,= ), (l_shipdate,l_commitdate), (l_shipmode,ANY ()",24406.228,"(7,2), (14,6), (7,2), (122335,104081), (122335,104081), (122335,104081), (6249513,5000000), (6249513,5000000)"
59,"Aggregate, Aggregate, Gather Merge, Hash, Hash Join, Seq Scan, Seq Scan, Sort","(l_commitdate,l_receiptdate), (l_receiptdate,1997-01-01 00:00:00), (l_receiptdate,= ), (l_shipdate,l_commitdate), (l_shipmode,ANY ()",23774.626,"(7,2), (14,6), (7,2), (122081,104140), (122081,104140), (122081,104140), (6249513,5000000), (6249513,5000000)"
60,"Aggregate, Aggregate, Gather Merge, Hash, Hash Join, Seq Scan, Seq Scan, Sort","(l_commitdate,l_receiptdate), (l_receiptdate,1998-01-01 00:00:00), (l_receiptdate,= ), (l_shipdate,l_commitdate), (l_shipmode,ANY ()",24247.436,"(7,2), (14,6), (7,2), (120310,103579), (120310,103579), (120310,103579), (6249513,5000000), (6249513,5000000)"
61,"Aggregate, Aggregate, Gather Merge, Hash, Hash Join, Seq Scan, Seq Scan, Sort","(l_commitdate,l_receiptdate), (l_receiptdate,1994-01-01 00:00:00), (l_receiptdate,= ), (l_shipdate,l_commitdate), (l_shipmode,ANY ()",24113.743,"(7,2), (14,6), (7,2), (121162,104159), (121162,104159), (121162,104159), (6249513,5000000), (6249513,5000000)"
62,"Aggregate, Aggregate, Gather Merge, Hash, Hash Join, Seq Scan, Seq Scan, Sort","(l_commitdate,l_receiptdate), (l_receiptdate,1995-01-01 00:00:00), (l_receiptdate,= ), (l_shipdate,l_commitdate), (l_shipmode,ANY ()",24159.525,"(7,2), (14,6), (7,2), (119792,103811), (119792,103811), (119792,103811), (6249513,5000000), (6249513,5000000)"
63,"Aggregate, Aggregate, Gather Merge, Hash, Hash Join, Seq Scan, Seq Scan, Sort","(l_commitdate,l_receiptdate), (l_receiptdate,1996-01-01 00:00:00), (l_receiptdate,= ), (l_shipdate,l_commitdate), (l_shipmode,ANY ()",24063.726,"(7,2), (14,6), (7,2), (123078,104049), (123078,104049), (123078,104049), (6249513,5000000), (6249513,5000000)"
64,"Aggregate, Aggregate, Gather Merge, Hash, Hash Join, Seq Scan, Seq Scan, Sort","(l_commitdate,l_receiptdate), (l_receiptdate,1997-01-01 00:00:00), (l_receiptdate,= ), (l_shipdate,l_commitdate), (l_shipmode,ANY ()",24342.9,"(7,2), (14,6), (7,2), (122822,104476), (122822,104476), (122822,104476), (6249513,5000000), (6249513,5000000)"
65,"Aggregate, Aggregate, Gather Merge, Hash, Hash Join, Seq Scan, Seq Scan, Sort","(l_commitdate,l_receiptdate), (l_receiptdate,1998-01-01 00:00:00), (l_receiptdate,= ), (l_shipdate,l_commitdate), (l_shipmode,ANY ()",24243.62,"(7,2), (14,6), (7,2), (121040,103747), (121040,103747), (121040,103747), (6249513,5000000), (6249513,5000000)"
66,"Aggregate, Aggregate, Gather Merge, Hash, Hash Join, Seq Scan, Seq Scan, Sort","(l_commitdate,l_receiptdate), (l_receiptdate,1994-01-01 00:00:00), (l_receiptdate,= ), (l_shipdate,l_commitdate), (l_shipmode,ANY ()",24195.799,"(7,2), (14,6), (7,2), (121050,104206), (121050,104206), (121050,104206), (6249513,5000000), (6249513,5000000)"
67,"Aggregate, Aggregate, Gather Merge, Hash, Hash Join, Seq Scan, Seq Scan, Sort","(l_commitdate,l_receiptdate), (l_receiptdate,1995-01-01 00:00:00), (l_receiptdate,= ), (l_shipdate,l_commitdate), (l_shipmode,ANY ()",24401.474,"(7,2), (14,6), (7,2), (119681,103935), (119681,103935), (119681,103935), (6249513,5000000), (6249513,5000000)"
68,"Aggregate, Aggregate, Gather Merge, Hash, Hash Join, Seq Scan, Seq Scan, Sort","(l_commitdate,l_receiptdate), (l_receiptdate,1996-01-01 00:00:00), (l_receiptdate,= ), (l_shipdate,l_commitdate), (l_shipmode,ANY ()",24071.929,"(7,2), (14,6), (7,2), (122964,103932), (122964,103932), (122964,103932), (6249513,5000000), (6249513,5000000)"
69,"Aggregate, Aggregate, Gather Merge, Hash, Hash Join, Seq Scan, Seq Scan, Sort","(l_commitdate,l_receiptdate), (l_receiptdate,1997-01-01 00:00:00), (l_receiptdate,= ), (l_shipdate,l_commitdate), (l_shipmode,ANY ()",25938.144,"(7,2), (14,6), (7,2), (122708,104208), (122708,104208), (122708,104208), (6249513,5000000), (6249513,5000000)"
70,"Aggregate, Aggregate, Gather Merge, Hash, Hash Join, Seq Scan, Seq Scan, Sort","(l_commitdate,l_receiptdate), (l_receiptdate,1998-01-01 00:00:00), (l_receiptdate,= ), (l_shipdate,l_commitdate), (l_shipmode,ANY ()",23978.001,"(7,2), (14,6), (7,2), (120928,103828), (120928,103828), (120928,103828), (6249513,5000000), (6249513,5000000)"
71,"Aggregate, Aggregate, Gather Merge, Hash, Hash Join, Seq Scan, Seq Scan, Sort","(l_commitdate,l_receiptdate), (l_receiptdate,1994-01-01 00:00:00), (l_receiptdate,= ), (l_shipdate,l_commitdate), (l_shipmode,ANY ()",23949.766,"(7,2), (14,6), (7,2), (122020,104324), (122020,104324), (122020,104324), (6249513,5000000), (6249513,5000000)"
72,"Aggregate, Aggregate, Gather Merge, Hash, Hash Join, Seq Scan, Seq Scan, Sort","(l_commitdate,l_receiptdate), (l_receiptdate,1995-01-01 00:00:00), (l_receiptdate,= ), (l_shipdate,l_commitdate), (l_shipmode,ANY ()",23854.516,"(7,2), (14,6), (7,2), (120640,103850), (120640,103850), (120640,103850), (6249513,5000000), (6249513,5000000)"
73,"Aggregate, Aggregate, Gather Merge, Hash, Hash Join, Seq Scan, Seq Scan, Sort","(l_commitdate,l_receiptdate), (l_receiptdate,1996-01-01 00:00:00), (l_receiptdate,= ), (l_shipdate,l_commitdate), (l_shipmode,ANY ()",23703.014,"(7,2), (14,6), (7,2), (123950,103679), (123950,103679), (123950,103679), (6249513,5000000), (6249513,5000000)"
74,"Aggregate, Aggregate, Gather Merge, Hash, Hash Join, Seq Scan, Seq Scan, Sort","(l_commitdate,l_receiptdate), (l_receiptdate,1997-01-01 00:00:00), (l_receiptdate,= ), (l_shipdate,l_commitdate), (l_shipmode,ANY ()",23674.267,"(7,2), (14,6), (7,2), (123691,104108), (123691,104108), (123691,104108), (6249513,5000000), (6249513,5000000)"
75,"Aggregate, Aggregate, Gather Merge, Hash, Hash Join, Seq Scan, Seq Scan, Sort","(l_commitdate,l_receiptdate), (l_receiptdate,1998-01-01 00:00:00), (l_receiptdate,= ), (l_shipdate,l_commitdate), (l_shipmode,ANY ()",25927.887,"(7,2), (14,6), (7,2), (121898,103947), (121898,103947), (121898,103947), (6249513,5000000), (6249513,5000000)"
76,"Aggregate, Aggregate, Gather Merge, Hash, Hash Join, Seq Scan, Seq Scan, Sort","(l_commitdate,l_receiptdate), (l_receiptdate,1994-01-01 00:00:00), (l_receiptdate,= ), (l_shipdate,l_commitdate), (l_shipmode,ANY ()",24627.082,"(7,2), (14,6), (7,2), (119770,104149), (119770,104149), (119770,104149), (6249513,5000000), (6249513,5000000)"
77,"Aggregate, Aggregate, Gather Merge, Hash, Hash Join, Seq Scan, Seq Scan, Sort","(l_commitdate,l_receiptdate), (l_receiptdate,1995-01-01 00:00:00), (l_receiptdate,= ), (l_shipdate,l_commitdate), (l_shipmode,ANY ()",24208.378,"(7,2), (14,6), (7,2), (118416,103772), (118416,103772), (118416,103772), (6249513,5000000), (6249513,5000000)"
78,"Aggregate, Aggregate, Gather Merge, Hash, Hash Join, Seq Scan, Seq Scan, Sort","(l_commitdate,l_receiptdate), (l_receiptdate,1996-01-01 00:00:00), (l_receiptdate,= ), (l_shipdate,l_commitdate), (l_shipmode,ANY ()",24239.09,"(7,2), (14,6), (7,2), (121664,103877), (121664,103877), (121664,103877), (6249513,5000000), (6249513,5000000)"
79,"Aggregate, Aggregate, Gather Merge, Hash, Hash Join, Seq Scan, Seq Scan, Sort","(l_commitdate,l_receiptdate), (l_receiptdate,1997-01-01 00:00:00), (l_receiptdate,= ), (l_shipdate,l_commitdate), (l_shipmode,ANY ()",24386.293,"(7,2), (14,6), (7,2), (121411,104146), (121411,104146), (121411,104146), (6249513,5000000), (6249513,5000000)"
80,"Aggregate, Aggregate, Gather Merge, Hash, Hash Join, Seq Scan, Seq Scan, Sort","(l_commitdate,l_receiptdate), (l_receiptdate,1998-01-01 00:00:00), (l_receiptdate,= ), (l_shipdate,l_commitdate), (l_shipmode,ANY ()",25332.449,"(7,2), (14,6), (7,2), (119650,103906), (119650,103906), (119650,103906), (6249513,5000000), (6249513,5000000)"
81,"Aggregate, Aggregate, Gather Merge, Hash, Hash Join, Seq Scan, Seq Scan, Sort","(l_commitdate,l_receiptdate), (l_receiptdate,1994-01-01 00:00:00), (l_receiptdate,= ), (l_shipdate,l_commitdate), (l_shipmode,ANY ()",24337.518,"(7,2), (14,6), (7,2), (120797,104170), (120797,104170), (120797,104170), (6249513,5000000), (6249513,5000000)"
82,"Aggregate, Aggregate, Gather Merge, Hash, Hash Join, Seq Scan, Seq Scan, Sort","(l_commitdate,l_receiptdate), (l_receiptdate,1995-01-01 00:00:00), (l_receiptdate,= ), (l_shipdate,l_commitdate), (l_shipmode,ANY ()",24793.487,"(7,2), (14,6), (7,2), (119431,103659), (119431,103659), (119431,103659), (6249513,5000000), (6249513,5000000)"
83,"Aggregate, Aggregate, Gather Merge, Hash, Hash Join, Seq Scan, Seq Scan, Sort","(l_commitdate,l_receiptdate), (l_receiptdate,1996-01-01 00:00:00), (l_receiptdate,= ), (l_shipdate,l_commitdate), (l_shipmode,ANY ()",24237.18,"(7,2), (14,6), (7,2), (122707,103819), (122707,103819), (122707,103819), (6249513,5000000), (6249513,5000000)"
84,"Aggregate, Aggregate, Gather Merge, Hash, Hash Join, Seq Scan, Seq Scan, Sort","(l_commitdate,l_receiptdate), (l_receiptdate,1997-01-01 00:00:00), (l_receiptdate,= ), (l_shipdate,l_commitdate), (l_shipmode,ANY ()",27905.277,"(7,2), (14,6), (7,2), (122451,104147), (122451,104147), (122451,104147), (6249513,5000000), (6249513,5000000)"
85,"Aggregate, Aggregate, Gather Merge, Hash, Hash Join, Seq Scan, Seq Scan, Sort","(l_commitdate,l_receiptdate), (l_receiptdate,1998-01-01 00:00:00), (l_receiptdate,= ), (l_shipdate,l_commitdate), (l_shipmode,ANY ()",25680.913,"(7,2), (14,6), (7,2), (120675,103808), (120675,103808), (120675,103808), (6249513,5000000), (6249513,5000000)"
86,"Aggregate, Aggregate, Gather Merge, Hash, Hash Join, Seq Scan, Seq Scan, Sort","(l_commitdate,l_receiptdate), (l_receiptdate,1994-01-01 00:00:00), (l_receiptdate,= ), (l_shipdate,l_commitdate), (l_shipmode,ANY ()",24464.181,"(7,2), (14,6), (7,2), (120952,104183), (120952,104183), (120952,104183), (6249513,5000000), (6249513,5000000)"
87,"Aggregate, Aggregate, Gather Merge, Hash, Hash Join, Seq Scan, Seq Scan, Sort","(l_commitdate,l_receiptdate), (l_receiptdate,1995-01-01 00:00:00), (l_receiptdate,= ), (l_shipdate,l_commitdate), (l_shipmode,ANY ()",23980.684,"(7,2), (14,6), (7,2), (119584,103858), (119584,103858), (119584,103858), (6249513,5000000), (6249513,5000000)"
88,"Aggregate, Aggregate, Gather Merge, Hash, Hash Join, Seq Scan, Seq Scan, Sort","(l_commitdate,l_receiptdate), (l_receiptdate,1996-01-01 00:00:00), (l_receiptdate,= ), (l_shipdate,l_commitdate), (l_shipmode,ANY ()",24998.169,"(7,2), (14,6), (7,2), (122864,103916), (122864,103916), (122864,103916), (6249513,5000000), (6249513,5000000)"
89,"Aggregate, Aggregate, Gather Merge, Hash, Hash Join, Seq Scan, Seq Scan, Sort","(l_commitdate,l_receiptdate), (l_receiptdate,1997-01-01 00:00:00), (l_receiptdate,= ), (l_shipdate,l_commitdate), (l_shipmode,ANY ()",25256.739,"(7,2), (14,6), (7,2), (122608,104088), (122608,104088), (122608,104088), (6249513,5000000), (6249513,5000000)"
90,"Aggregate, Aggregate, Gather Merge, Hash, Hash Join, Seq Scan, Seq Scan, Sort","(l_commitdate,l_receiptdate), (l_receiptdate,1998-01-01 00:00:00), (l_receiptdate,= ), (l_shipdate,l_commitdate), (l_shipmode,ANY ()",24033.171,"(7,2), (14,6), (7,2), (120830,103749), (120830,103749), (120830,103749), (6249513,5000000), (6249513,5000000)"
91,"Aggregate, Aggregate, Gather Merge, Hash, Hash Join, Seq Scan, Seq Scan, Sort","(l_commitdate,l_receiptdate), (l_receiptdate,1994-01-01 00:00:00), (l_receiptdate,= ), (l_shipdate,l_commitdate), (l_shipmode,ANY ()",24271.722,"(7,2), (14,6), (7,2), (121612,104267), (121612,104267), (121612,104267), (6249513,5000000), (6249513,5000000)"
92,"Aggregate, Aggregate, Gather Merge, Hash, Hash Join, Seq Scan, Seq Scan, Sort","(l_commitdate,l_receiptdate), (l_receiptdate,1995-01-01 00:00:00), (l_receiptdate,= ), (l_shipdate,l_commitdate), (l_shipmode,ANY ()",24580.79,"(7,2), (14,6), (7,2), (120237,103753), (120237,103753), (120237,103753), (6249513,5000000), (6249513,5000000)"
93,"Aggregate, Aggregate, Gather Merge, Hash, Hash Join, Seq Scan, Seq Scan, Sort","(l_commitdate,l_receiptdate), (l_receiptdate,1996-01-01 00:00:00), (l_receiptdate,= ), (l_shipdate,l_commitdate), (l_shipmode,ANY ()",24833.949,"(7,2), (14,6), (7,2), (123535,103960), (123535,103960), (123535,103960), (6249513,5000000), (6249513,5000000)"
94,"Aggregate, Aggregate, Gather Merge, Hash, Hash Join, Seq Scan, Seq Scan, Sort","(l_commitdate,l_receiptdate), (l_receiptdate,1997-01-01 00:00:00), (l_receiptdate,= ), (l_shipdate,l_commitdate), (l_shipmode,ANY ()",25252.956,"(7,2), (14,6), (7,2), (123278,104428), (123278,104428), (123278,104428), (6249513,5000000), (6249513,5000000)"
95,"Aggregate, Aggregate, Gather Merge, Hash, Hash Join, Seq Scan, Seq Scan, Sort","(l_commitdate,l_receiptdate), (l_receiptdate,1998-01-01 00:00:00), (l_receiptdate,= ), (l_shipdate,l_commitdate), (l_shipmode,ANY ()",24869.291,"(7,2), (14,6), (7,2), (121490,103696), (121490,103696), (121490,103696), (6249513,5000000), (6249513,5000000)"
96,"Aggregate, Aggregate, Gather Merge, Hash, Hash Join, Seq Scan, Seq Scan, Sort","(l_commitdate,l_receiptdate), (l_receiptdate,1994-01-01 00:00:00), (l_receiptdate,= ), (l_shipdate,l_commitdate), (l_shipmode,ANY ()",24675.56,"(7,2), (14,6), (7,2), (121500,104313), (121500,104313), (121500,104313), (6249513,5000000), (6249513,5000000)"
97,"Aggregate, Aggregate, Gather Merge, Hash, Hash Join, Seq Scan, Seq Scan, Sort","(l_commitdate,l_receiptdate), (l_receiptdate,1995-01-01 00:00:00), (l_receiptdate,= ), (l_shipdate,l_commitdate), (l_shipmode,ANY ()",25473.929,"(7,2), (14,6), (7,2), (120126,103876), (120126,103876), (120126,103876), (6249513,5000000), (6249513,5000000)"
98,"Aggregate, Aggregate, Gather Merge, Hash, Hash Join, Seq Scan, Seq Scan, Sort","(l_commitdate,l_receiptdate), (l_receiptdate,1996-01-01 00:00:00), (l_receiptdate,= ), (l_shipdate,l_commitdate), (l_shipmode,ANY ()",25044.025,"(7,2), (14,6), (7,2), (123421,103844), (123421,103844), (123421,103844), (6249513,5000000), (6249513,5000000)"
99,"Aggregate, Aggregate, Gather Merge, Hash, Hash Join, Seq Scan, Seq Scan, Sort","(l_commitdate,l_receiptdate), (l_receiptdate,1997-01-01 00:00:00), (l_receiptdate,= ), (l_shipdate,l_commitdate), (l_shipmode,ANY ()",24541.776,"(7,2), (14,6), (7,2), (123164,104160), (123164,104160), (123164,104160), (6249513,5000000), (6249513,5000000)"
100,"Aggregate, Aggregate, Gather Merge, Hash, Hash Join, Seq Scan, Seq Scan, Sort","(l_commitdate,l_receiptdate), (l_receiptdate,1998-01-01 00:00:00), (l_receiptdate,= ), (l_shipdate,l_commitdate), (l_shipmode,ANY ()",24467.028,"(7,2), (14,6), (7,2), (121378,103777), (121378,103777), (121378,103777), (6249513,5000000), (6249513,5000000)"
101,"Aggregate, Aggregate, Gather Merge, Hash, Hash Join, Seq Scan, Seq Scan, Sort","(l_commitdate,l_receiptdate), (l_receiptdate,1994-01-01 00:00:00), (l_receiptdate,= ), (l_shipdate,l_commitdate), (l_shipmode,ANY ()",25807.791,"(7,2), (14,6), (7,2), (122020,104324), (122020,104324), (122020,104324), (6249513,5000000), (6249513,5000000)"
102,"Aggregate, Aggregate, Gather Merge, Hash, Hash Join, Seq Scan, Seq Scan, Sort","(l_commitdate,l_receiptdate), (l_receiptdate,1995-01-01 00:00:00), (l_receiptdate,= ), (l_shipdate,l_commitdate), (l_shipmode,ANY ()",24377.937,"(7,2), (14,6), (7,2), (120640,103850), (120640,103850), (120640,103850), (6249513,5000000), (6249513,5000000)"
103,"Aggregate, Aggregate, Gather Merge, Hash, Hash Join, Seq Scan, Seq Scan, Sort","(l_commitdate,l_receiptdate), (l_receiptdate,1996-01-01 00:00:00), (l_receiptdate,= ), (l_shipdate,l_commitdate), (l_shipmode,ANY ()",24840.624,"(7,2), (14,6), (7,2), (123950,103679), (123950,103679), (123950,103679), (6249513,5000000), (6249513,5000000)"
104,"Aggregate, Aggregate, Gather Merge, Hash, Hash Join, Seq Scan, Seq Scan, Sort","(l_commitdate,l_receiptdate), (l_receiptdate,1997-01-01 00:00:00), (l_receiptdate,= ), (l_shipdate,l_commitdate), (l_shipmode,ANY ()",24679.083,"(7,2), (14,6), (7,2), (123691,104108), (123691,104108), (123691,104108), (6249513,5000000), (6249513,5000000)"
105,"Aggregate, Aggregate, Gather Merge, Hash, Hash Join, Seq Scan, Seq Scan, Sort","(l_commitdate,l_receiptdate), (l_receiptdate,1998-01-01 00:00:00), (l_receiptdate,= ), (l_shipdate,l_commitdate), (l_shipmode,ANY ()",24313.089,"(7,2), (14,6), (7,2), (121898,103947), (121898,103947), (121898,103947), (6249513,5000000), (6249513,5000000)"
106,"Aggregate, Aggregate, Gather Merge, Hash, Hash Join, Seq Scan, Seq Scan, Sort","(l_commitdate,l_receiptdate), (l_receiptdate,1994-01-01 00:00:00), (l_receiptdate,= ), (l_shipdate,l_commitdate), (l_shipmode,ANY ()",25082.159,"(7,2), (14,6), (7,2), (120220,104257), (120220,104257), (120220,104257), (6249513,5000000), (6249513,5000000)"
107,"Aggregate, Aggregate, Gather Merge, Hash, Hash Join, Seq Scan, Seq Scan, Sort","(l_commitdate,l_receiptdate), (l_receiptdate,1995-01-01 00:00:00), (l_receiptdate,= ), (l_shipdate,l_commitdate), (l_shipmode,ANY ()",23528.785,"(7,2), (14,6), (7,2), (118861,103714), (118861,103714), (118861,103714), (6249513,5000000), (6249513,5000000)"
108,"Aggregate, Aggregate, Gather Merge, Hash, Hash Join, Seq Scan, Seq Scan, Sort","(l_commitdate,l_receiptdate), (l_receiptdate,1996-01-01 00:00:00), (l_receiptdate,= ), (l_shipdate,l_commitdate), (l_shipmode,ANY ()",25228.4,"(7,2), (14,6), (7,2), (122121,103789), (122121,103789), (122121,103789), (6249513,5000000), (6249513,5000000)"
109,"Aggregate, Aggregate, Gather Merge, Hash, Hash Join, Seq Scan, Seq Scan, Sort","(l_commitdate,l_receiptdate), (l_receiptdate,1997-01-01 00:00:00), (l_receiptdate,= ), (l_shipdate,l_commitdate), (l_shipmode,ANY ()",24126.486,"(7,2), (14,6), (7,2), (121867,104098), (121867,104098), (121867,104098), (6249513,5000000), (6249513,5000000)"
110,"Aggregate, Aggregate, Gather Merge, Hash, Hash Join, Seq Scan, Seq Scan, Sort","(l_commitdate,l_receiptdate), (l_receiptdate,1998-01-01 00:00:00), (l_receiptdate,= ), (l_shipdate,l_commitdate), (l_shipmode,ANY ()",27094.126,"(7,2), (14,6), (7,2), (120100,103855), (120100,103855), (120100,103855), (6249513,5000000), (6249513,5000000)"
111,"Aggregate, Aggregate, Gather Merge, Hash, Hash Join, Seq Scan, Seq Scan, Sort","(l_commitdate,l_receiptdate), (l_receiptdate,1994-01-01 00:00:00), (l_receiptdate,= ), (l_shipdate,l_commitdate), (l_shipmode,ANY ()",24670.677,"(7,2), (14,6), (7,2), (121247,104277), (121247,104277), (121247,104277), (6249513,5000000), (6249513,5000000)"
112,"Aggregate, Aggregate, Gather Merge, Hash, Hash Join, Seq Scan, Seq Scan, Sort","(l_commitdate,l_receiptdate), (l_receiptdate,1995-01-01 00:00:00), (l_receiptdate,= ), (l_shipdate,l_commitdate), (l_shipmode,ANY ()",25107.333,"(7,2), (14,6), (7,2), (119875,103601), (119875,103601), (119875,103601), (6249513,5000000), (6249513,5000000)"
113,"Aggregate, Aggregate, Gather Merge, Hash, Hash Join, Seq Scan, Seq Scan, Sort","(l_commitdate,l_receiptdate), (l_receiptdate,1996-01-01 00:00:00), (l_receiptdate,= ), (l_shipdate,l_commitdate), (l_shipmode,ANY ()",24216.329,"(7,2), (14,6), (7,2), (123164,103730), (123164,103730), (123164,103730), (6249513,5000000), (6249513,5000000)"
114,"Aggregate, Aggregate, Gather Merge, Hash, Hash Join, Seq Scan, Seq Scan, Sort","(l_commitdate,l_receiptdate), (l_receiptdate,1997-01-01 00:00:00), (l_receiptdate,= ), (l_shipdate,l_commitdate), (l_shipmode,ANY ()",25533.066,"(7,2), (14,6), (7,2), (122908,104099), (122908,104099), (122908,104099), (6249513,5000000), (6249513,5000000)"
115,"Aggregate, Aggregate, Gather Merge, Hash, Hash Join, Seq Scan, Seq Scan, Sort","(l_commitdate,l_receiptdate), (l_receiptdate,1998-01-01 00:00:00), (l_receiptdate,= ), (l_shipdate,l_commitdate), (l_shipmode,ANY ()",25174.249,"(7,2), (14,6), (7,2), (121125,103757), (121125,103757), (121125,103757), (6249513,5000000), (6249513,5000000)"
116,"Aggregate, Aggregate, Gather Merge, Hash, Hash Join, Seq Scan, Seq Scan, Sort","(l_commitdate,l_receiptdate), (l_receiptdate,1994-01-01 00:00:00), (l_receiptdate,= ), (l_shipdate,l_commitdate), (l_shipmode,ANY ()",24396.833,"(7,2), (14,6), (7,2), (121401,104290), (121401,104290), (121401,104290), (6249513,5000000), (6249513,5000000)"
117,"Aggregate, Aggregate, Gather Merge, Hash, Hash Join, Seq Scan, Seq Scan, Sort","(l_commitdate,l_receiptdate), (l_receiptdate,1995-01-01 00:00:00), (l_receiptdate,= ), (l_shipdate,l_commitdate), (l_shipmode,ANY ()",24187.205,"(7,2), (14,6), (7,2), (120028,103800), (120028,103800), (120028,103800), (6249513,5000000), (6249513,5000000)"
118,"Aggregate, Aggregate, Gather Merge, Hash, Hash Join, Seq Scan, Seq Scan, Sort","(l_commitdate,l_receiptdate), (l_receiptdate,1996-01-01 00:00:00), (l_receiptdate,= ), (l_shipdate,l_commitdate), (l_shipmode,ANY ()",24203.688,"(7,2), (14,6), (7,2), (123321,103827), (123321,103827), (123321,103827), (6249513,5000000), (6249513,5000000)"
119,"Aggregate, Aggregate, Gather Merge, Hash, Hash Join, Seq Scan, Seq Scan, Sort","(l_commitdate,l_receiptdate), (l_receiptdate,1997-01-01 00:00:00), (l_receiptdate,= ), (l_shipdate,l_commitdate), (l_shipmode,ANY ()",23807.829,"(7,2), (14,6), (7,2), (123064,104040), (123064,104040), (123064,104040), (6249513,5000000), (6249513,5000000)"
120,"Aggregate, Aggregate, Gather Merge, Hash, Hash Join, Seq Scan, Seq Scan, Sort","(l_commitdate,l_receiptdate), (l_receiptdate,1998-01-01 00:00:00), (l_receiptdate,= ), (l_shipdate,l_commitdate), (l_shipmode,ANY ()",24258.404,"(7,2), (14,6), (7,2), (121280,103698), (121280,103698), (121280,103698), (6249513,5000000), (6249513,5000000)"
121,"Aggregate, Aggregate, Gather Merge, Hash, Hash Join, Seq Scan, Seq Scan, Sort","(l_commitdate,l_receiptdate), (l_receiptdate,1994-01-01 00:00:00), (l_receiptdate,= ), (l_shipdate,l_commitdate), (l_shipmode,ANY ()",23667.432,"(7,2), (14,6), (7,2), (119362,104092), (119362,104092), (119362,104092), (6249513,5000000), (6249513,5000000)"
122,"Aggregate, Aggregate, Gather Merge, Hash, Hash Join, Seq Scan, Seq Scan, Sort","(l_commitdate,l_receiptdate), (l_receiptdate,1995-01-01 00:00:00), (l_receiptdate,= ), (l_shipdate,l_commitdate), (l_shipmode,ANY ()",24266.962,"(7,2), (14,6), (7,2), (118012,103675), (118012,103675), (118012,103675), (6249513,5000000), (6249513,5000000)"
123,"Aggregate, Aggregate, Gather Merge, Hash, Hash Join, Seq Scan, Seq Scan, Sort","(l_commitdate,l_receiptdate), (l_receiptdate,1996-01-01 00:00:00), (l_receiptdate,= ), (l_shipdate,l_commitdate), (l_shipmode,ANY ()",23993.249,"(7,2), (14,6), (7,2), (121250,104159), (121250,104159), (121250,104159), (6249513,5000000), (6249513,5000000)"
124,"Aggregate, Aggregate, Gather Merge, Hash, Hash Join, Seq Scan, Seq Scan, Sort","(l_commitdate,l_receiptdate), (l_receiptdate,1997-01-01 00:00:00), (l_receiptdate,= ), (l_shipdate,l_commitdate), (l_shipmode,ANY ()",23712.255,"(7,2), (14,6), (7,2), (120998,104466), (120998,104466), (120998,104466), (6249513,5000000), (6249513,5000000)"
125,"Aggregate, Aggregate, Gather Merge, Hash, Hash Join, Seq Scan, Seq Scan, Sort","(l_commitdate,l_receiptdate), (l_receiptdate,1998-01-01 00:00:00), (l_receiptdate,= ), (l_shipdate,l_commitdate), (l_shipmode,ANY ()",24669.88,"(7,2), (14,6), (7,2), (119242,103655), (119242,103655), (119242,103655), (6249513,5000000), (6249513,5000000)"
126,"Aggregate, Aggregate, Gather Merge, Hash, Hash Join, Seq Scan, Seq Scan, Sort","(l_commitdate,l_receiptdate), (l_receiptdate,1994-01-01 00:00:00), (l_receiptdate,= ), (l_shipdate,l_commitdate), (l_shipmode,ANY ()",24022.496,"(7,2), (14,6), (7,2), (119250,104139), (119250,104139), (119250,104139), (6249513,5000000), (6249513,5000000)"
127,"Aggregate, Aggregate, Gather Merge, Hash, Hash Join, Seq Scan, Seq Scan, Sort","(l_commitdate,l_receiptdate), (l_receiptdate,1995-01-01 00:00:00), (l_receiptdate,= ), (l_shipdate,l_commitdate), (l_shipmode,ANY ()",24116.139,"(7,2), (14,6), (7,2), (117902,103799), (117902,103799), (117902,103799), (6249513,5000000), (6249513,5000000)"
128,"Aggregate, Aggregate, Gather Merge, Hash, Hash Join, Seq Scan, Seq Scan, Sort","(l_commitdate,l_receiptdate), (l_receiptdate,1996-01-01 00:00:00), (l_receiptdate,= ), (l_shipdate,l_commitdate), (l_shipmode,ANY ()",23868.543,"(7,2), (14,6), (7,2), (121136,104042), (121136,104042), (121136,104042), (6249513,5000000), (6249513,5000000)"
129,"Aggregate, Aggregate, Gather Merge, Hash, Hash Join, Seq Scan, Seq Scan, Sort","(l_commitdate,l_receiptdate), (l_receiptdate,1997-01-01 00:00:00), (l_receiptdate,= ), (l_shipdate,l_commitdate), (l_shipmode,ANY ()",24091.889,"(7,2), (14,6), (7,2), (120883,104198), (120883,104198), (120883,104198), (6249513,5000000), (6249513,5000000)"
130,"Aggregate, Aggregate, Gather Merge, Hash, Hash Join, Seq Scan, Seq Scan, Sort","(l_commitdate,l_receiptdate), (l_receiptdate,1998-01-01 00:00:00), (l_receiptdate,= ), (l_shipdate,l_commitdate), (l_shipmode,ANY ()",25494.402,"(7,2), (14,6), (7,2), (119130,103736), (119130,103736), (119130,103736), (6249513,5000000), (6249513,5000000)"
131,"Aggregate, Aggregate, Gather Merge, Hash, Hash Join, Seq Scan, Seq Scan, Sort","(l_commitdate,l_receiptdate), (l_receiptdate,1994-01-01 00:00:00), (l_receiptdate,= ), (l_shipdate,l_commitdate), (l_shipmode,ANY ()",24475.047,"(7,2), (14,6), (7,2), (119770,104149), (119770,104149), (119770,104149), (6249513,5000000), (6249513,5000000)"
132,"Aggregate, Aggregate, Gather Merge, Hash, Hash Join, Seq Scan, Seq Scan, Sort","(l_commitdate,l_receiptdate), (l_receiptdate,1995-01-01 00:00:00), (l_receiptdate,= ), (l_shipdate,l_commitdate), (l_shipmode,ANY ()",23993.112,"(7,2), (14,6), (7,2), (118416,103772), (118416,103772), (118416,103772), (6249513,5000000), (6249513,5000000)"
133,"Aggregate, Aggregate, Gather Merge, Hash, Hash Join, Seq Scan, Seq Scan, Sort","(l_commitdate,l_receiptdate), (l_receiptdate,1996-01-01 00:00:00), (l_receiptdate,= ), (l_shipdate,l_commitdate), (l_shipmode,ANY ()",27082.366,"(7,2), (14,6), (7,2), (121664,103877), (121664,103877), (121664,103877), (6249513,5000000), (6249513,5000000)"
134,"Aggregate, Aggregate, Gather Merge, Hash, Hash Join, Seq Scan, Seq Scan, Sort","(l_commitdate,l_receiptdate), (l_receiptdate,1997-01-01 00:00:00), (l_receiptdate,= ), (l_shipdate,l_commitdate), (l_shipmode,ANY ()",24222.75,"(7,2), (14,6), (7,2), (121411,104146), (121411,104146), (121411,104146), (6249513,5000000), (6249513,5000000)"
135,"Aggregate, Aggregate, Gather Merge, Hash, Hash Join, Seq Scan, Seq Scan, Sort","(l_commitdate,l_receiptdate), (l_receiptdate,1998-01-01 00:00:00), (l_receiptdate,= ), (l_shipdate,l_commitdate), (l_shipmode,ANY ()",25091.736,"(7,2), (14,6), (7,2), (119650,103906), (119650,103906), (119650,103906), (6249513,5000000), (6249513,5000000)"
136,"Aggregate, Aggregate, Gather Merge, Hash, Hash Join, Seq Scan, Seq Scan, Sort","(l_commitdate,l_receiptdate), (l_receiptdate,1994-01-01 00:00:00), (l_receiptdate,= ), (l_shipdate,l_commitdate), (l_shipmode,ANY ()",24222.528,"(7,2), (14,6), (7,2), (120220,104257), (120220,104257), (120220,104257), (6249513,5000000), (6249513,5000000)"
137,"Aggregate, Aggregate, Gather Merge, Hash, Hash Join, Seq Scan, Seq Scan, Sort","(l_commitdate,l_receiptdate), (l_receiptdate,1995-01-01 00:00:00), (l_receiptdate,= ), (l_shipdate,l_commitdate), (l_shipmode,ANY ()",24238.222,"(7,2), (14,6), (7,2), (118861,103714), (118861,103714), (118861,103714), (6249513,5000000), (6249513,5000000)"
138,"Aggregate, Aggregate, Gather Merge, Hash, Hash Join, Seq Scan, Seq Scan, Sort","(l_commitdate,l_receiptdate), (l_receiptdate,1996-01-01 00:00:00), (l_receiptdate,= ), (l_shipdate,l_commitdate), (l_shipmode,ANY ()",26726.481,"(7,2), (14,6), (7,2), (122121,103789), (122121,103789), (122121,103789), (6249513,5000000), (6249513,5000000)"
139,"Aggregate, Aggregate, Gather Merge, Hash, Hash Join, Seq Scan, Seq Scan, Sort","(l_commitdate,l_receiptdate), (l_receiptdate,1997-01-01 00:00:00), (l_receiptdate,= ), (l_shipdate,l_commitdate), (l_shipmode,ANY ()",26431.172,"(7,2), (14,6), (7,2), (121867,104098), (121867,104098), (121867,104098), (6249513,5000000), (6249513,5000000)"
140,"Aggregate, Aggregate, Gather Merge, Hash, Hash Join, Seq Scan, Seq Scan, Sort","(l_commitdate,l_receiptdate), (l_receiptdate,1998-01-01 00:00:00), (l_receiptdate,= ), (l_shipdate,l_commitdate), (l_shipmode,ANY ()",26261.278,"(7,2), (14,6), (7,2), (120100,103855), (120100,103855), (120100,103855), (6249513,5000000), (6249513,5000000)"
141,"Aggregate, Aggregate, Gather Merge, Hash, Hash Join, Seq Scan, Seq Scan, Sort","(l_commitdate,l_receiptdate), (l_receiptdate,1994-01-01 00:00:00), (l_receiptdate,= ), (l_shipdate,l_commitdate), (l_shipmode,ANY ()",26452.382,"(7,2), (14,6), (7,2), (118997,104103), (118997,104103), (118997,104103), (6249513,5000000), (6249513,5000000)"
142,"Aggregate, Aggregate, Gather Merge, Hash, Hash Join, Seq Scan, Seq Scan, Sort","(l_commitdate,l_receiptdate), (l_receiptdate,1995-01-01 00:00:00), (l_receiptdate,= ), (l_shipdate,l_commitdate), (l_shipmode,ANY ()",25288.714,"(7,2), (14,6), (7,2), (117651,103524), (117651,103524), (117651,103524), (6249513,5000000), (6249513,5000000)"
143,"Aggregate, Aggregate, Gather Merge, Hash, Hash Join, Seq Scan, Seq Scan, Sort","(l_commitdate,l_receiptdate), (l_receiptdate,1996-01-01 00:00:00), (l_receiptdate,= ), (l_shipdate,l_commitdate), (l_shipmode,ANY ()",24247.182,"(7,2), (14,6), (7,2), (120879,103929), (120879,103929), (120879,103929), (6249513,5000000), (6249513,5000000)"
144,"Aggregate, Aggregate, Gather Merge, Hash, Hash Join, Seq Scan, Seq Scan, Sort","(l_commitdate,l_receiptdate), (l_receiptdate,1997-01-01 00:00:00), (l_receiptdate,= ), (l_shipdate,l_commitdate), (l_shipmode,ANY ()",24166.226,"(7,2), (14,6), (7,2), (120627,104137), (120627,104137), (120627,104137), (6249513,5000000), (6249513,5000000)"
145,"Aggregate, Aggregate, Gather Merge, Hash, Hash Join, Seq Scan, Seq Scan, Sort","(l_commitdate,l_receiptdate), (l_receiptdate,1998-01-01 00:00:00), (l_receiptdate,= ), (l_shipdate,l_commitdate), (l_shipmode,ANY ()",24091.778,"(7,2), (14,6), (7,2), (118878,103717), (118878,103717), (118878,103717), (6249513,5000000), (6249513,5000000)"
146,"Aggregate, Aggregate, Gather Merge, Hash, Hash Join, Seq Scan, Seq Scan, Sort","(l_commitdate,l_receiptdate), (l_receiptdate,1994-01-01 00:00:00), (l_receiptdate,= ), (l_shipdate,l_commitdate), (l_shipmode,ANY ()",23732.398,"(7,2), (14,6), (7,2), (119152,104116), (119152,104116), (119152,104116), (6249513,5000000), (6249513,5000000)"
147,"Aggregate, Aggregate, Gather Merge, Hash, Hash Join, Seq Scan, Seq Scan, Sort","(l_commitdate,l_receiptdate), (l_receiptdate,1995-01-01 00:00:00), (l_receiptdate,= ), (l_shipdate,l_commitdate), (l_shipmode,ANY ()",25373.627,"(7,2), (14,6), (7,2), (117804,103723), (117804,103723), (117804,103723), (6249513,5000000), (6249513,5000000)"
148,"Aggregate, Aggregate, Gather Merge, Hash, Hash Join, Seq Scan, Seq Scan, Sort","(l_commitdate,l_receiptdate), (l_receiptdate,1996-01-01 00:00:00), (l_receiptdate,= ), (l_shipdate,l_commitdate), (l_shipmode,ANY ()",23532.482,"(7,2), (14,6), (7,2), (121036,104026), (121036,104026), (121036,104026), (6249513,5000000), (6249513,5000000)"
149,"Aggregate, Aggregate, Gather Merge, Hash, Hash Join, Seq Scan, Seq Scan, Sort","(l_commitdate,l_receiptdate), (l_receiptdate,1997-01-01 00:00:00), (l_receiptdate,= ), (l_shipdate,l_commitdate), (l_shipmode,ANY ()",23774.461,"(7,2), (14,6), (7,2), (120784,104078), (120784,104078), (120784,104078), (6249513,5000000), (6249513,5000000)"
150,"Aggregate, Aggregate, Gather Merge, Hash, Hash Join, Seq Scan, Seq Scan, Sort","(l_commitdate,l_receiptdate), (l_receiptdate,1998-01-01 00:00:00), (l_receiptdate,= ), (l_shipdate,l_commitdate), (l_shipmode,ANY ()",23880.679,"(7,2), (14,6), (7,2), (119032,103658), (119032,103658), (119032,103658), (6249513,5000000), (6249513,5000000)"
151,"Aggregate, Aggregate, Gather Merge, Hash, Hash Join, Seq Scan, Seq Scan, Sort","(l_commitdate,l_receiptdate), (l_receiptdate,1994-01-01 00:00:00), (l_receiptdate,= ), (l_shipdate,l_commitdate), (l_shipmode,ANY ()",24636.748,"(7,2), (14,6), (7,2), (120389,104113), (120389,104113), (120389,104113), (6249513,5000000), (6249513,5000000)"
152,"Aggregate, Aggregate, Gather Merge, Hash, Hash Join, Seq Scan, Seq Scan, Sort","(l_commitdate,l_receiptdate), (l_receiptdate,1995-01-01 00:00:00), (l_receiptdate,= ), (l_shipdate,l_commitdate), (l_shipmode,ANY ()",25231.1,"(7,2), (14,6), (7,2), (119028,103562), (119028,103562), (119028,103562), (6249513,5000000), (6249513,5000000)"
153,"Aggregate, Aggregate, Gather Merge, Hash, Hash Join, Seq Scan, Seq Scan, Sort","(l_commitdate,l_receiptdate), (l_receiptdate,1996-01-01 00:00:00), (l_receiptdate,= ), (l_shipdate,l_commitdate), (l_shipmode,ANY ()",25003.471,"(7,2), (14,6), (7,2), (122292,104101), (122292,104101), (122292,104101), (6249513,5000000), (6249513,5000000)"
154,"Aggregate, Aggregate, Gather Merge, Hash, Hash Join, Seq Scan, Seq Scan, Sort","(l_commitdate,l_receiptdate), (l_receiptdate,1997-01-01 00:00:00), (l_receiptdate,= ), (l_shipdate,l_commitdate), (l_shipmode,ANY ()",28361.114,"(7,2), (14,6), (7,2), (122038,104467), (122038,104467), (122038,104467), (6249513,5000000), (6249513,5000000)"
155,"Aggregate, Aggregate, Gather Merge, Hash, Hash Join, Seq Scan, Seq Scan, Sort","(l_commitdate,l_receiptdate), (l_receiptdate,1998-01-01 00:00:00), (l_receiptdate,= ), (l_shipdate,l_commitdate), (l_shipmode,ANY ()",24680.493,"(7,2), (14,6), (7,2), (120268,103557), (120268,103557), (120268,103557), (6249513,5000000), (6249513,5000000)"
156,"Aggregate, Aggregate, Gather Merge, Hash, Hash Join, Seq Scan, Seq Scan, Sort","(l_commitdate,l_receiptdate), (l_receiptdate,1994-01-01 00:00:00), (l_receiptdate,= ), (l_shipdate,l_commitdate), (l_shipmode,ANY ()",24460.883,"(7,2), (14,6), (7,2), (120277,104159), (120277,104159), (120277,104159), (6249513,5000000), (6249513,5000000)"
157,"Aggregate, Aggregate, Gather Merge, Hash, Hash Join, Seq Scan, Seq Scan, Sort","(l_commitdate,l_receiptdate), (l_receiptdate,1995-01-01 00:00:00), (l_receiptdate,= ), (l_shipdate,l_commitdate), (l_shipmode,ANY ()",24281.299,"(7,2), (14,6), (7,2), (118916,103686), (118916,103686), (118916,103686), (6249513,5000000), (6249513,5000000)"
158,"Aggregate, Aggregate, Gather Merge, Hash, Hash Join, Seq Scan, Seq Scan, Sort","(l_commitdate,l_receiptdate), (l_receiptdate,1996-01-01 00:00:00), (l_receiptdate,= ), (l_shipdate,l_commitdate), (l_shipmode,ANY ()",24325.178,"(7,2), (14,6), (7,2), (122178,103984), (122178,103984), (122178,103984), (6249513,5000000), (6249513,5000000)"
159,"Aggregate, Aggregate, Gather Merge, Hash, Hash Join, Seq Scan, Seq Scan, Sort","(l_commitdate,l_receiptdate), (l_receiptdate,1997-01-01 00:00:00), (l_receiptdate,= ), (l_shipdate,l_commitdate), (l_shipmode,ANY ()",24411.449,"(7,2), (14,6), (7,2), (121924,104198), (121924,104198), (121924,104198), (6249513,5000000), (6249513,5000000)"
160,"Aggregate, Aggregate, Gather Merge, Hash, Hash Join, Seq Scan, Seq Scan, Sort","(l_commitdate,l_receiptdate), (l_receiptdate,1998-01-01 00:00:00), (l_receiptdate,= ), (l_shipdate,l_commitdate), (l_shipmode,ANY ()",24685.938,"(7,2), (14,6), (7,2), (120156,103638), (120156,103638), (120156,103638), (6249513,5000000), (6249513,5000000)"
161,"Aggregate, Aggregate, Gather Merge, Hash, Hash Join, Seq Scan, Seq Scan, Sort","(l_commitdate,l_receiptdate), (l_receiptdate,1994-01-01 00:00:00), (l_receiptdate,= ), (l_shipdate,l_commitdate), (l_shipmode,ANY ()",23981.825,"(7,2), (14,6), (7,2), (120797,104170), (120797,104170), (120797,104170), (6249513,5000000), (6249513,5000000)"
162,"Aggregate, Aggregate, Gather Merge, Hash, Hash Join, Seq Scan, Seq Scan, Sort","(l_commitdate,l_receiptdate), (l_receiptdate,1995-01-01 00:00:00), (l_receiptdate,= ), (l_shipdate,l_commitdate), (l_shipmode,ANY ()",25774.282,"(7,2), (14,6), (7,2), (119431,103659), (119431,103659), (119431,103659), (6249513,5000000), (6249513,5000000)"
163,"Aggregate, Aggregate, Gather Merge, Hash, Hash Join, Seq Scan, Seq Scan, Sort","(l_commitdate,l_receiptdate), (l_receiptdate,1996-01-01 00:00:00), (l_receiptdate,= ), (l_shipdate,l_commitdate), (l_shipmode,ANY ()",24138.771,"(7,2), (14,6), (7,2), (122707,103819), (122707,103819), (122707,103819), (6249513,5000000), (6249513,5000000)"
164,"Aggregate, Aggregate, Gather Merge, Hash, Hash Join, Seq Scan, Seq Scan, Sort","(l_commitdate,l_receiptdate), (l_receiptdate,1997-01-01 00:00:00), (l_receiptdate,= ), (l_shipdate,l_commitdate), (l_shipmode,ANY ()",24258.905,"(7,2), (14,6), (7,2), (122451,104147), (122451,104147), (122451,104147), (6249513,5000000), (6249513,5000000)"
165,"Aggregate, Aggregate, Gather Merge, Hash, Hash Join, Seq Scan, Seq Scan, Sort","(l_commitdate,l_receiptdate), (l_receiptdate,1998-01-01 00:00:00), (l_receiptdate,= ), (l_shipdate,l_commitdate), (l_shipmode,ANY ()",24145.642,"(7,2), (14,6), (7,2), (120675,103808), (120675,103808), (120675,103808), (6249513,5000000), (6249513,5000000)"
166,"Aggregate, Aggregate, Gather Merge, Hash, Hash Join, Seq Scan, Seq Scan, Sort","(l_commitdate,l_receiptdate), (l_receiptdate,1994-01-01 00:00:00), (l_receiptdate,= ), (l_shipdate,l_commitdate), (l_shipmode,ANY ()",24132.218,"(7,2), (14,6), (7,2), (121247,104277), (121247,104277), (121247,104277), (6249513,5000000), (6249513,5000000)"
167,"Aggregate, Aggregate, Gather Merge, Hash, Hash Join, Seq Scan, Seq Scan, Sort","(l_commitdate,l_receiptdate), (l_receiptdate,1995-01-01 00:00:00), (l_receiptdate,= ), (l_shipdate,l_commitdate), (l_shipmode,ANY ()",24139.014,"(7,2), (14,6), (7,2), (119875,103601), (119875,103601), (119875,103601), (6249513,5000000), (6249513,5000000)"
168,"Aggregate, Aggregate, Gather Merge, Hash, Hash Join, Seq Scan, Seq Scan, Sort","(l_commitdate,l_receiptdate), (l_receiptdate,1996-01-01 00:00:00), (l_receiptdate,= ), (l_shipdate,l_commitdate), (l_shipmode,ANY ()",24747.003,"(7,2), (14,6), (7,2), (123164,103730), (123164,103730), (123164,103730), (6249513,5000000), (6249513,5000000)"
169,"Aggregate, Aggregate, Gather Merge, Hash, Hash Join, Seq Scan, Seq Scan, Sort","(l_commitdate,l_receiptdate), (l_receiptdate,1997-01-01 00:00:00), (l_receiptdate,= ), (l_shipdate,l_commitdate), (l_shipmode,ANY ()",25108.011,"(7,2), (14,6), (7,2), (122908,104099), (122908,104099), (122908,104099), (6249513,5000000), (6249513,5000000)"
170,"Aggregate, Aggregate, Gather Merge, Hash, Hash Join, Seq Scan, Seq Scan, Sort","(l_commitdate,l_receiptdate), (l_receiptdate,1998-01-01 00:00:00), (l_receiptdate,= ), (l_shipdate,l_commitdate), (l_shipmode,ANY ()",25383.282,"(7,2), (14,6), (7,2), (121125,103757), (121125,103757), (121125,103757), (6249513,5000000), (6249513,5000000)"
171,"Aggregate, Aggregate, Gather Merge, Hash, Hash Join, Seq Scan, Seq Scan, Sort","(l_commitdate,l_receiptdate), (l_receiptdate,1994-01-01 00:00:00), (l_receiptdate,= ), (l_shipdate,l_commitdate), (l_shipmode,ANY ()",24925.655,"(7,2), (14,6), (7,2), (118997,104103), (118997,104103), (118997,104103), (6249513,5000000), (6249513,5000000)"
172,"Aggregate, Aggregate, Gather Merge, Hash, Hash Join, Seq Scan, Seq Scan, Sort","(l_commitdate,l_receiptdate), (l_receiptdate,1995-01-01 00:00:00), (l_receiptdate,= ), (l_shipdate,l_commitdate), (l_shipmode,ANY ()",28212.049,"(7,2), (14,6), (7,2), (117651,103524), (117651,103524), (117651,103524), (6249513,5000000), (6249513,5000000)"
173,"Aggregate, Aggregate, Gather Merge, Hash, Hash Join, Seq Scan, Seq Scan, Sort","(l_commitdate,l_receiptdate), (l_receiptdate,1996-01-01 00:00:00), (l_receiptdate,= ), (l_shipdate,l_commitdate), (l_shipmode,ANY ()",24982.657,"(7,2), (14,6), (7,2), (120879,103929), (120879,103929), (120879,103929), (6249513,5000000), (6249513,5000000)"
174,"Aggregate, Aggregate, Gather Merge, Hash, Hash Join, Seq Scan, Seq Scan, Sort","(l_commitdate,l_receiptdate), (l_receiptdate,1997-01-01 00:00:00), (l_receiptdate,= ), (l_shipdate,l_commitdate), (l_shipmode,ANY ()",25342.659,"(7,2), (14,6), (7,2), (120627,104137), (120627,104137), (120627,104137), (6249513,5000000), (6249513,5000000)"
175,"Aggregate, Aggregate, Gather Merge, Hash, Hash Join, Seq Scan, Seq Scan, Sort","(l_commitdate,l_receiptdate), (l_receiptdate,1998-01-01 00:00:00), (l_receiptdate,= ), (l_shipdate,l_commitdate), (l_shipmode,ANY ()",24428.511,"(7,2), (14,6), (7,2), (118878,103717), (118878,103717), (118878,103717), (6249513,5000000), (6249513,5000000)"
176,"Aggregate, Aggregate, Gather Merge, Hash, Hash Join, Seq Scan, Seq Scan, Sort","(l_commitdate,l_receiptdate), (l_receiptdate,1994-01-01 00:00:00), (l_receiptdate,= ), (l_shipdate,l_commitdate), (l_shipmode,ANY ()",24722.471,"(7,2), (14,6), (7,2), (120178,104136), (120178,104136), (120178,104136), (6249513,5000000), (6249513,5000000)"
177,"Aggregate, Aggregate, Gather Merge, Hash, Hash Join, Seq Scan, Seq Scan, Sort","(l_commitdate,l_receiptdate), (l_receiptdate,1995-01-01 00:00:00), (l_receiptdate,= ), (l_shipdate,l_commitdate), (l_shipmode,ANY ()",24117.018,"(7,2), (14,6), (7,2), (118819,103610), (118819,103610), (118819,103610), (6249513,5000000), (6249513,5000000)"
178,"Aggregate, Aggregate, Gather Merge, Hash, Hash Join, Seq Scan, Seq Scan, Sort","(l_commitdate,l_receiptdate), (l_receiptdate,1996-01-01 00:00:00), (l_receiptdate,= ), (l_shipdate,l_commitdate), (l_shipmode,ANY ()",25351.16,"(7,2), (14,6), (7,2), (122078,103968), (122078,103968), (122078,103968), (6249513,5000000), (6249513,5000000)"
179,"Aggregate, Aggregate, Gather Merge, Hash, Hash Join, Seq Scan, Seq Scan, Sort","(l_commitdate,l_receiptdate), (l_receiptdate,1997-01-01 00:00:00), (l_receiptdate,= ), (l_shipdate,l_commitdate), (l_shipmode,ANY ()",23670.17,"(7,2), (14,6), (7,2), (121824,104079), (121824,104079), (121824,104079), (6249513,5000000), (6249513,5000000)"
180,"Aggregate, Aggregate, Gather Merge, Hash, Hash Join, Seq Scan, Seq Scan, Sort","(l_commitdate,l_receiptdate), (l_receiptdate,1998-01-01 00:00:00), (l_receiptdate,= ), (l_shipdate,l_commitdate), (l_shipmode,ANY ()",23883.102,"(7,2), (14,6), (7,2), (120058,103560), (120058,103560), (120058,103560), (6249513,5000000), (6249513,5000000)"
181,"Aggregate, Aggregate, Gather Merge, Hash, Hash Join, Seq Scan, Seq Scan, Sort","(l_commitdate,l_receiptdate), (l_receiptdate,1994-01-01 00:00:00), (l_receiptdate,= ), (l_shipdate,l_commitdate), (l_shipmode,ANY ()",25517.353,"(7,2), (14,6), (7,2), (120544,104126), (120544,104126), (120544,104126), (6249513,5000000), (6249513,5000000)"
182,"Aggregate, Aggregate, Gather Merge, Hash, Hash Join, Seq Scan, Seq Scan, Sort","(l_commitdate,l_receiptdate), (l_receiptdate,1995-01-01 00:00:00), (l_receiptdate,= ), (l_shipdate,l_commitdate), (l_shipmode,ANY ()",23917.88,"(7,2), (14,6), (7,2), (119180,103761), (119180,103761), (119180,103761), (6249513,5000000), (6249513,5000000)"
183,"Aggregate, Aggregate, Gather Merge, Hash, Hash Join, Seq Scan, Seq Scan, Sort","(l_commitdate,l_receiptdate), (l_receiptdate,1996-01-01 00:00:00), (l_receiptdate,= ), (l_shipdate,l_commitdate), (l_shipmode,ANY ()",24798.371,"(7,2), (14,6), (7,2), (122450,104198), (122450,104198), (122450,104198), (6249513,5000000), (6249513,5000000)"
184,"Aggregate, Aggregate, Gather Merge, Hash, Hash Join, Seq Scan, Seq Scan, Sort","(l_commitdate,l_receiptdate), (l_receiptdate,1997-01-01 00:00:00), (l_receiptdate,= ), (l_shipdate,l_commitdate), (l_shipmode,ANY ()",23757.384,"(7,2), (14,6), (7,2), (122195,104408), (122195,104408), (122195,104408), (6249513,5000000), (6249513,5000000)"
185,"Aggregate, Aggregate, Gather Merge, Hash, Hash Join, Seq Scan, Seq Scan, Sort","(l_commitdate,l_receiptdate), (l_receiptdate,1998-01-01 00:00:00), (l_receiptdate,= ), (l_shipdate,l_commitdate), (l_shipmode,ANY ()",25069.893,"(7,2), (14,6), (7,2), (120422,103498), (120422,103498), (120422,103498), (6249513,5000000), (6249513,5000000)"
186,"Aggregate, Aggregate, Gather Merge, Hash, Hash Join, Seq Scan, Seq Scan, Sort","(l_commitdate,l_receiptdate), (l_receiptdate,1994-01-01 00:00:00), (l_receiptdate,= ), (l_shipdate,l_commitdate), (l_shipmode,ANY ()",24326.031,"(7,2), (14,6), (7,2), (120431,104172), (120431,104172), (120431,104172), (6249513,5000000), (6249513,5000000)"
187,"Aggregate, Aggregate, Gather Merge, Hash, Hash Join, Seq Scan, Seq Scan, Sort","(l_commitdate,l_receiptdate), (l_receiptdate,1995-01-01 00:00:00), (l_receiptdate,= ), (l_shipdate,l_commitdate), (l_shipmode,ANY ()",23954.367,"(7,2), (14,6), (7,2), (119069,103885), (119069,103885), (119069,103885), (6249513,5000000), (6249513,5000000)"
188,"Aggregate, Aggregate, Gather Merge, Hash, Hash Join, Seq Scan, Seq Scan, Sort","(l_commitdate,l_receiptdate), (l_receiptdate,1996-01-01 00:00:00), (l_receiptdate,= ), (l_shipdate,l_commitdate), (l_shipmode,ANY ()",24748.87,"(7,2), (14,6), (7,2), (122335,104081), (122335,104081), (122335,104081), (6249513,5000000), (6249513,5000000)"
189,"Aggregate, Aggregate, Gather Merge, Hash, Hash Join, Seq Scan, Seq Scan, Sort","(l_commitdate,l_receiptdate), (l_receiptdate,1997-01-01 00:00:00), (l_receiptdate,= ), (l_shipdate,l_commitdate), (l_shipmode,ANY ()",24117.73,"(7,2), (14,6), (7,2), (122081,104140), (122081,104140), (122081,104140), (6249513,5000000), (6249513,5000000)"
190,"Aggregate, Aggregate, Gather Merge, Hash, Hash Join, Seq Scan, Seq Scan, Sort","(l_commitdate,l_receiptdate), (l_receiptdate,1998-01-01 00:00:00), (l_receiptdate,= ), (l_shipdate,l_commitdate), (l_shipmode,ANY ()",24132.3,"(7,2), (14,6), (7,2), (120310,103579), (120310,103579), (120310,103579), (6249513,5000000), (6249513,5000000)"
191,"Aggregate, Aggregate, Gather Merge, Hash, Hash Join, Seq Scan, Seq Scan, Sort","(l_commitdate,l_receiptdate), (l_receiptdate,1994-01-01 00:00:00), (l_receiptdate,= ), (l_shipdate,l_commitdate), (l_shipmode,ANY ()",24112.012,"(7,2), (14,6), (7,2), (120952,104183), (120952,104183), (120952,104183), (6249513,5000000), (6249513,5000000)"
192,"Aggregate, Aggregate, Gather Merge, Hash, Hash Join, Seq Scan, Seq Scan, Sort","(l_commitdate,l_receiptdate), (l_receiptdate,1995-01-01 00:00:00), (l_receiptdate,= ), (l_shipdate,l_commitdate), (l_shipmode,ANY ()",23841.603,"(7,2), (14,6), (7,2), (119584,103858), (119584,103858), (119584,103858), (6249513,5000000), (6249513,5000000)"
193,"Aggregate, Aggregate, Gather Merge, Hash, Hash Join, Seq Scan, Seq Scan, Sort","(l_commitdate,l_receiptdate), (l_receiptdate,1996-01-01 00:00:00), (l_receiptdate,= ), (l_shipdate,l_commitdate), (l_shipmode,ANY ()",25604.112,"(7,2), (14,6), (7,2), (122864,103916), (122864,103916), (122864,103916), (6249513,5000000), (6249513,5000000)"
194,"Aggregate, Aggregate, Gather Merge, Hash, Hash Join, Seq Scan, Seq Scan, Sort","(l_commitdate,l_receiptdate), (l_receiptdate,1997-01-01 00:00:00), (l_receiptdate,= ), (l_shipdate,l_commitdate), (l_shipmode,ANY ()",23822.471,"(7,2), (14,6), (7,2), (122608,104088), (122608,104088), (122608,104088), (6249513,5000000), (6249513,5000000)"
195,"Aggregate, Aggregate, Gather Merge, Hash, Hash Join, Seq Scan, Seq Scan, Sort","(l_commitdate,l_receiptdate), (l_receiptdate,1998-01-01 00:00:00), (l_receiptdate,= ), (l_shipdate,l_commitdate), (l_shipmode,ANY ()",24104.881,"(7,2), (14,6), (7,2), (120830,103749), (120830,103749), (120830,103749), (6249513,5000000), (6249513,5000000)"
196,"Aggregate, Aggregate, Gather Merge, Hash, Hash Join, Seq Scan, Seq Scan, Sort","(l_commitdate,l_receiptdate), (l_receiptdate,1994-01-01 00:00:00), (l_receiptdate,= ), (l_shipdate,l_commitdate), (l_shipmode,ANY ()",23891.739,"(7,2), (14,6), (7,2), (121401,104290), (121401,104290), (121401,104290), (6249513,5000000), (6249513,5000000)"
197,"Aggregate, Aggregate, Gather Merge, Hash, Hash Join, Seq Scan, Seq Scan, Sort","(l_commitdate,l_receiptdate), (l_receiptdate,1995-01-01 00:00:00), (l_receiptdate,= ), (l_shipdate,l_commitdate), (l_shipmode,ANY ()",23741.657,"(7,2), (14,6), (7,2), (120028,103800), (120028,103800), (120028,103800), (6249513,5000000), (6249513,5000000)"
198,"Aggregate, Aggregate, Gather Merge, Hash, Hash Join, Seq Scan, Seq Scan, Sort","(l_commitdate,l_receiptdate), (l_receiptdate,1996-01-01 00:00:00), (l_receiptdate,= ), (l_shipdate,l_commitdate), (l_shipmode,ANY ()",23841.913,"(7,2), (14,6), (7,2), (123321,103827), (123321,103827), (123321,103827), (6249513,5000000), (6249513,5000000)"
199,"Aggregate, Aggregate, Gather Merge, Hash, Hash Join, Seq Scan, Seq Scan, Sort","(l_commitdate,l_receiptdate), (l_receiptdate,1997-01-01 00:00:00), (l_receiptdate,= ), (l_shipdate,l_commitdate), (l_shipmode,ANY ()",24109.63,"(7,2), (14,6), (7,2), (123064,104040), (123064,104040), (123064,104040), (6249513,5000000), (6249513,5000000)"
200,"Aggregate, Aggregate, Gather Merge, Hash, Hash Join, Seq Scan, Seq Scan, Sort","(l_commitdate,l_receiptdate), (l_receiptdate,1998-01-01 00:00:00), (l_receiptdate,= ), (l_shipdate,l_commitdate), (l_shipmode,ANY ()",25156.587,"(7,2), (14,6), (7,2), (121280,103698), (121280,103698), (121280,103698), (6249513,5000000), (6249513,5000000)"
201,"Aggregate, Aggregate, Gather Merge, Hash, Hash Join, Seq Scan, Seq Scan, Sort","(l_commitdate,l_receiptdate), (l_receiptdate,1994-01-01 00:00:00), (l_receiptdate,= ), (l_shipdate,l_commitdate), (l_shipmode,ANY ()",23682.697,"(7,2), (14,6), (7,2), (119152,104116), (119152,104116), (119152,104116), (6249513,5000000), (6249513,5000000)"
202,"Aggregate, Aggregate, Gather Merge, Hash, Hash Join, Seq Scan, Seq Scan, Sort","(l_commitdate,l_receiptdate), (l_receiptdate,1995-01-01 00:00:00), (l_receiptdate,= ), (l_shipdate,l_commitdate), (l_shipmode,ANY ()",23854.748,"(7,2), (14,6), (7,2), (117804,103723), (117804,103723), (117804,103723), (6249513,5000000), (6249513,5000000)"
203,"Aggregate, Aggregate, Gather Merge, Hash, Hash Join, Seq Scan, Seq Scan, Sort","(l_commitdate,l_receiptdate), (l_receiptdate,1996-01-01 00:00:00), (l_receiptdate,= ), (l_shipdate,l_commitdate), (l_shipmode,ANY ()",25701.403,"(7,2), (14,6), (7,2), (121036,104026), (121036,104026), (121036,104026), (6249513,5000000), (6249513,5000000)"
204,"Aggregate, Aggregate, Gather Merge, Hash, Hash Join, Seq Scan, Seq Scan, Sort","(l_commitdate,l_receiptdate), (l_receiptdate,1997-01-01 00:00:00), (l_receiptdate,= ), (l_shipdate,l_commitdate), (l_shipmode,ANY ()",25540.794,"(7,2), (14,6), (7,2), (120784,104078), (120784,104078), (120784,104078), (6249513,5000000), (6249513,5000000)"
205,"Aggregate, Aggregate, Gather Merge, Hash, Hash Join, Seq Scan, Seq Scan, Sort","(l_commitdate,l_receiptdate), (l_receiptdate,1998-01-01 00:00:00), (l_receiptdate,= ), (l_shipdate,l_commitdate), (l_shipmode,ANY ()",25714.667,"(7,2), (14,6), (7,2), (119032,103658), (119032,103658), (119032,103658), (6249513,5000000), (6249513,5000000)"
206,"Aggregate, Aggregate, Gather Merge, Hash, Hash Join, Seq Scan, Seq Scan, Sort","(l_commitdate,l_receiptdate), (l_receiptdate,1994-01-01 00:00:00), (l_receiptdate,= ), (l_shipdate,l_commitdate), (l_shipmode,ANY ()",24341.752,"(7,2), (14,6), (7,2), (120178,104136), (120178,104136), (120178,104136), (6249513,5000000), (6249513,5000000)"
207,"Aggregate, Aggregate, Gather Merge, Hash, Hash Join, Seq Scan, Seq Scan, Sort","(l_commitdate,l_receiptdate), (l_receiptdate,1995-01-01 00:00:00), (l_receiptdate,= ), (l_shipdate,l_commitdate), (l_shipmode,ANY ()",24256.671,"(7,2), (14,6), (7,2), (118819,103610), (118819,103610), (118819,103610), (6249513,5000000), (6249513,5000000)"
208,"Aggregate, Aggregate, Gather Merge, Hash, Hash Join, Seq Scan, Seq Scan, Sort","(l_commitdate,l_receiptdate), (l_receiptdate,1996-01-01 00:00:00), (l_receiptdate,= ), (l_shipdate,l_commitdate), (l_shipmode,ANY ()",24970.577,"(7,2), (14,6), (7,2), (122078,103968), (122078,103968), (122078,103968), (6249513,5000000), (6249513,5000000)"
209,"Aggregate, Aggregate, Gather Merge, Hash, Hash Join, Seq Scan, Seq Scan, Sort","(l_commitdate,l_receiptdate), (l_receiptdate,1997-01-01 00:00:00), (l_receiptdate,= ), (l_shipdate,l_commitdate), (l_shipmode,ANY ()",23763.453,"(7,2), (14,6), (7,2), (121824,104079), (121824,104079), (121824,104079), (6249513,5000000), (6249513,5000000)"
210,"Aggregate, Aggregate, Gather Merge, Hash, Hash Join, Seq Scan, Seq Scan, Sort","(l_commitdate,l_receiptdate), (l_receiptdate,1998-01-01 00:00:00), (l_receiptdate,= ), (l_shipdate,l_commitdate), (l_shipmode,ANY ()",23825.137,"(7,2), (14,6), (7,2), (120058,103560), (120058,103560), (120058,103560), (6249513,5000000), (6249513,5000000)"
